id,dataSet,indicator,periodType,periodFrom,periodTo,operatorKey,tsoEicCode,operatorLabel,pointKey,pointLabel,tsoItemIdentifier,directionKey,unit,itemRemarks,generalRemarks,value,lastUpdateDateTime,isUnlimited,flowStatus,interruptionType,restorationInformation,capacityType,capacityBookingStatus,isCamRelevant,isNA,originalPeriodFrom,isCmpRelevant,bookingPlatformKey,bookingPlatformLabel,bookingPlatformURL,interruptionCalculationRemark,isArchived
"1Physical Flowhour2026-09-30 04:00:00 +00:002026-09-30 05:00:00 +00:00DE-TSO-0005ITP-00188entrykWh/h",1,"Physical Flow",hour,"2026-09-30 06:00","2026-09-30 07:00",DE-TSO-0005,21X-DE-D-A0A0A-K,"Gasunie Deutschland ",ITP-00188,"Dornum / NETRA (GUD)",21Z000000000053Y,entry,kWh/h,,,26662893,"2026-10-01 11:53",,Provisional,,,,,1,,,1,PRISMA,,https://platform.prisma-capacity.eu/,,
"1Physical Flowhour2026-09-30 05:00:00 +00:002026-09-30 06:00:00 +00:00DE-TSO-0005ITP-00188entrykWh/h",1,"Physical Flow",hour,"2026-09-30 07:00","2026-09-30 08:00",DE-TSO-0005,21X-DE-D-A0A0A-K,"Gasunie Deutschland ",ITP-00188,"Dornum / NETRA (GUD)",21Z000000000053Y,entry,kWh/h,,,26680766,"2026-10-01 11:53",,Provisional,,,,,1,,,1,PRISMA,,https://platform.prisma-capacity.eu/,,
"1Physical Flowhour2026-09-30 06:00:00 +00:002026-09-30 07:00:00 +00:00DE-TSO-0005ITP-00188entrykWh/h",1,"Physical Flow",hour,"2026-09-30 08:00","2026-09-30 09:00",DE-TSO-0005,21X-DE-D-A0A0A-K,"Gasunie Deutschland ",ITP-00188,"Dornum / NETRA (GUD)",21Z000000000053Y,entry,kWh/h,,,26915239,"2026-10-01 11:53",,Provisional,,,,,1,,,1,PRISMA,,https://platform.prisma-capacity.eu/,,
"1Physical Flowhour2026-09-30 07:00:00 +00:002026-09-30 08:00:00 +00:00DE-TSO-0005ITP-00188entrykWh/h",1,"Physical Flow",hour,"2026-09-30 09:00","2026-09-30 10:00",DE-TSO-0005,21X-DE-D-A0A0A-K,"Gasunie Deutschland ",ITP-00188,"Dornum / NETRA (GUD)",21Z000000000053Y,entry,kWh/h,,,26777508,"2026-10-01 11:53",,Provisional,,,,,1,,,1,PRISMA,,https://platform.prisma-capacity.eu/,,
"1Physical Flowhour2026-09-30 08:00:00 +00:002026-09-30 09:00:00 +00:00DE-TSO-0005ITP-00188entrykWh/h",1,"Physical Flow",hour,"2026-09-30 10:00","2026-09-30 11:00",DE-TSO-0005,21X-DE-D-A0A0A-K,"Gasunie Deutschland ",ITP-00188,"Dornum / NETRA (GUD)",21Z000000000053Y,entry,kWh/h,,,26891026,"2026-10-01 11:53",,Provisional,,,,,1,,,1,PRISMA,,https://platform.prisma-capacity.eu/,,
"1Physical Flowhour2026-09-30 09:00:00 +00:002026-09-30 10:00:00 +00:00DE-TSO-0005ITP-00188entrykWh/h",1,"Physical Flow",hour,"2026-09-30 11:00","2026-09-30 12:00",DE-TSO-0005,21X-DE-D-A0A0A-K,"Gasunie Deutschland ",ITP-00188,"Dornum / NETRA (GUD)",21Z000000000053Y,entry,kWh/h,,,26862112,"2026-10-01 11:53",,Provisional,,,,,1,,,1,PRISMA,,https://platform.prisma-capacity.eu/,,
"1Physical Flowhour2026-09-30 10:00:00 +00:002026-09-30 11:00:00 +00:00DE-TSO-0005ITP-00188entrykWh/h",1,"Physical Flow",hour,"2026-09-30 12:00","2026-09-30 13:00",DE-TSO-0005,21X-DE-D-A0A0A-K,"Gasunie Deutschland ",ITP-00188,"Dornum / NETRA (GUD)",21Z000000000053Y,entry,kWh/h,,,26896282,"2026-10-01 11:53",,Provisional,,,,,1,,,1,PRISMA,,https://platform.prisma-capacity.eu/,,
"1Physical Flowhour2026-09-30 11:00:00 +00:002026-09-30 12:00:00 +00:00DE-TSO-0005ITP-00188entrykWh/h",1,"Physical Flow",hour,"2026-09-30 13:00","2026-09-30 14:00",DE-TSO-0005,21X-DE-D-A0A0A-K,"Gasunie Deutschland ",ITP-00188,"Dornum / NETRA (GUD)",21Z000000000053Y,entry,kWh/h,,,26857632,"2026-10-01 11:53",,Provisional,,,,,1,,,1,PRISMA,,https://platform.prisma-capacity.eu/,,
"1Physical Flowhour2026-09-30 12:00:00 +00:002026-09-30 13:00:00 +00:00DE-TSO-0005ITP-00188entrykWh/h",1,"Physical Flow",hour,"2026-09-30 14:00","2026-09-30 15:00",DE-TSO-0005,21X-DE-D-A0A0A-K,"Gasunie Deutschland ",ITP-00188,"Dornum / NETRA (GUD)",21Z000000000053Y,entry,kWh/h,,,26823568,"2026-10-01 11:53",,Provisional,,,,,1,,,1,PRISMA,,https://platform.prisma-capacity.eu/,,
"1Physical Flowhour2026-09-30 13:00:00 +00:002026-09-30 14:00:00 +00:00DE-TSO-0005ITP-00188entrykWh/h",1,"Physical Flow",hour,"2026-09-30 15:00","2026-09-30 16:00",DE-TSO-0005,21X-DE-D-A0A0A-K,"Gasunie Deutschland ",ITP-00188,"Dornum / NETRA (GUD)",21Z000000000053Y,entry,kWh/h,,,26915915,"2026-10-01 11:53",,Provisional,,,,,1,,,1,PRISMA,,https://platform.prisma-capacity.eu/,,
"1Physical Flowhour2026-09-30 14:00:00 +00:002026-09-30 15:00:00 +00:00DE-TSO-0005ITP-00188entrykWh/h",1,"Physical Flow",hour,"2026-09-30 16:00","2026-09-30 17:00",DE-TSO-0005,21X-DE-D-A0A0A-K,"Gasunie Deutschland ",ITP-00188,"Dornum / NETRA (GUD)",21Z000000000053Y,entry,kWh/h,,,26807503,"2026-10-01 11:53",,Provisional,,,,,1,,,1,PRISMA,,https://platform.prisma-capacity.eu/,,
"1Physical Flowhour2026-09-30 15:00:00 +00:002026-09-30 16:00:00 +00:00DE-TSO-0005ITP-00188entrykWh/h",1,"Physical Flow",hour,"2026-09-30 17:00","2026-09-30 18:00",DE-TSO-0005,21X-DE-D-A0A0A-K,"Gasunie Deutschland ",ITP-00188,"Dornum / NETRA (GUD)",21Z000000000053Y,entry,kWh/h,,,26732452,"2026-10-01 11:53",,Provisional,,,,,1,,,1,PRISMA,,https://platform.prisma-capacity.eu/,,
"1Physical Flowhour2026-09-30 16:00:00 +00:002026-09-30 17:00:00 +00:00DE-TSO-0005ITP-00188entrykWh/h",1,"Physical Flow",hour,"2026-09-30 18:00","2026-09-30 19:00",DE-TSO-0005,21X-DE-D-A0A0A-K,"Gasunie Deutschland ",ITP-00188,"Dornum / NETRA (GUD)",21Z000000000053Y,entry,kWh/h,,,26170131,"2026-10-01 11:53",,Provisional,,,,,1,,,1,PRISMA,,https://platform.prisma-capacity.eu/,,
"1Physical Flowhour2026-09-30 17:00:00 +00:002026-09-30 18:00:00 +00:00DE-TSO-0005ITP-00188entrykWh/h",1,"Physical Flow",hour,"2026-09-30 19:00","2026-09-30 20:00",DE-TSO-0005,21X-DE-D-A0A0A-K,"Gasunie Deutschland ",ITP-00188,"Dornum / NETRA (GUD)",21Z000000000053Y,entry,kWh/h,,,25973064,"2026-10-01 11:53",,Provisional,,,,,1,,,1,PRISMA,,https://platform.prisma-capacity.eu/,,
"1Physical Flowhour2026-09-30 18:00:00 +00:002026-09-30 19:00:00 +00:00DE-TSO-0005ITP-00188entrykWh/h",1,"Physical Flow",hour,"2026-09-30 20:00","2026-09-30 21:00",DE-TSO-0005,21X-DE-D-A0A0A-K,"Gasunie Deutschland ",ITP-00188,"Dornum / NETRA (GUD)",21Z000000000053Y,entry,kWh/h,,,28125329,"2026-10-01 11:53",,Provisional,,,,,1,,,1,PRISMA,,https://platform.prisma-capacity.eu/,,
"1Physical Flowhour2026-09-30 19:00:00 +00:002026-09-30 20:00:00 +00:00DE-TSO-0005ITP-00188entrykWh/h",1,"Physical Flow",hour,"2026-09-30 21:00","2026-09-30 22:00",DE-TSO-0005,21X-DE-D-A0A0A-K,"Gasunie Deutschland ",ITP-00188,"Dornum / NETRA (GUD)",21Z000000000053Y,entry,kWh/h,,,28117849,"2026-10-01 11:53",,Provisional,,,,,1,,,1,PRISMA,,https://platform.prisma-capacity.eu/,,
"1Physical Flowhour2026-09-30 20:00:00 +00:002026-09-30 21:00:00 +00:00DE-TSO-0005ITP-00188entrykWh/h",1,"Physical Flow",hour,"2026-09-30 22:00","2026-09-30 23:00",DE-TSO-0005,21X-DE-D-A0A0A-K,"Gasunie Deutschland ",ITP-00188,"Dornum / NETRA (GUD)",21Z000000000053Y,entry,kWh/h,,,28318895,"2026-10-01 11:53",,Provisional,,,,,1,,,1,PRISMA,,https://platform.prisma-capacity.eu/,,
"1Physical Flowhour2026-09-30 21:00:00 +00:002026-09-30 22:00:00 +00:00DE-TSO-0005ITP-00188entrykWh/h",1,"Physical Flow",hour,"2026-09-30 23:00","2026-10-01 00:00",DE-TSO-0005,21X-DE-D-A0A0A-K,"Gasunie Deutschland ",ITP-00188,"Dornum / NETRA (GUD)",21Z000000000053Y,entry,kWh/h,,,28754975,"2026-10-01 11:53",,Provisional,,,,,1,,,1,PRISMA,,https://platform.prisma-capacity.eu/,,
"1Physical Flowhour2026-09-30 22:00:00 +00:002026-09-30 23:00:00 +00:00DE-TSO-0005ITP-00188entrykWh/h",1,"Physical Flow",hour,"2026-10-01 00:00","2026-10-01 01:00",DE-TSO-0005,21X-DE-D-A0A0A-K,"Gasunie Deutschland ",ITP-00188,"Dornum / NETRA (GUD)",21Z000000000053Y,entry,kWh/h,,,28346516,"2026-10-01 11:53",,Provisional,,,,,1,,,1,PRISMA,,https://platform.prisma-capacity.eu/,,
"1Physical Flowhour2026-09-30 23:00:00 +00:002026-10-01 00:00:00 +00:00DE-TSO-0005ITP-00188entrykWh/h",1,"Physical Flow",hour,"2026-10-01 01:00","2026-10-01 02:00",DE-TSO-0005,21X-DE-D-A0A0A-K,"Gasunie Deutschland ",ITP-00188,"Dornum / NETRA (GUD)",21Z000000000053Y,entry,kWh/h,,,28348732,"2026-10-01 11:53",,Provisional,,,,,1,,,1,PRISMA,,https://platform.prisma-capacity.eu/,,
"1Physical Flowhour2026-10-01 00:00:00 +00:002026-10-01 01:00:00 +00:00DE-TSO-0005ITP-00188entrykWh/h",1,"Physical Flow",hour,"2026-10-01 02:00","2026-10-01 03:00",DE-TSO-0005,21X-DE-D-A0A0A-K,"Gasunie Deutschland ",ITP-00188,"Dornum / NETRA (GUD)",21Z000000000053Y,entry,kWh/h,,,28362088,"2026-10-01 11:53",,Provisional,,,,,1,,,1,PRISMA,,https://platform.prisma-capacity.eu/,,
"1Physical Flowhour2026-10-01 01:00:00 +00:002026-10-01 02:00:00 +00:00DE-TSO-0005ITP-00188entrykWh/h",1,"Physical Flow",hour,"2026-10-01 03:00","2026-10-01 04:00",DE-TSO-0005,21X-DE-D-A0A0A-K,"Gasunie Deutschland ",ITP-00188,"Dornum / NETRA (GUD)",21Z000000000053Y,entry,kWh/h,,,28187083,"2026-10-01 11:53",,Provisional,,,,,1,,,1,PRISMA,,https://platform.prisma-capacity.eu/,,
"1Physical Flowhour2026-10-01 02:00:00 +00:002026-10-01 03:00:00 +00:00DE-TSO-0005ITP-00188entrykWh/h",1,"Physical Flow",hour,"2026-10-01 04:00","2026-10-01 05:00",DE-TSO-0005,21X-DE-D-A0A0A-K,"Gasunie Deutschland ",ITP-00188,"Dornum / NETRA (GUD)",21Z000000000053Y,entry,kWh/h,,,28258629,"2026-10-01 11:53",,Provisional,,,,,1,,,1,PRISMA,,https://platform.prisma-capacity.eu/,,
"1Physical Flowhour2026-10-01 03:00:00 +00:002026-10-01 04:00:00 +00:00DE-TSO-0005ITP-00188entrykWh/h",1,"Physical Flow",hour,"2026-10-01 05:00","2026-10-01 06:00",DE-TSO-0005,21X-DE-D-A0A0A-K,"Gasunie Deutschland ",ITP-00188,"Dornum / NETRA (GUD)",21Z000000000053Y,entry,kWh/h,,,28373422,"2026-10-01 11:53",,Provisional,,,,,1,,,1,PRISMA,,https://platform.prisma-capacity.eu/,,
